<?xml version="1.0"?>
<data grt_format="2.0">
  <value _ptr_="000000001D76B590" type="list" content-type="object" content-struct-name="db.mgmt.Connection">
    <value type="object" struct-name="db.mgmt.Connection" id="{E1874CD8-6A48-424C-88F4-976C0E19C5D9}" struct-checksum="0x96ba47d8">
      <link type="object" struct-name="db.mgmt.Driver" key="driver">com.mysql.rdbms.mysql.driver.native</link>
      <value type="string" key="hostIdentifier">Mysql@127.0.0.1:3306</value>
      <value type="int" key="isDefault">1</value>
      <value _ptr_="0000000023C69080" type="dict" key="modules"/>
      <value _ptr_="0000000023C6BAF0" type="dict" key="parameterValues">
        <value type="string" key="DbSqlEditor:LastDefaultSchema">restaurante2</value>
        <value type="string" key="SQL_MODE"></value>
        <value type="string" key="hostName">127.0.0.1</value>
        <value type="int" key="lastConnected">1477739277</value>
        <value type="string" key="password"></value>
        <value type="int" key="port">3306</value>
        <value type="string" key="schema"></value>
        <value type="string" key="serverVersion">5.7.16-log</value>
        <value type="string" key="sslCA"></value>
        <value type="string" key="sslCert"></value>
        <value type="string" key="sslCipher"></value>
        <value type="string" key="sslKey"></value>
        <value type="int" key="useSSL">1</value>
        <value type="string" key="userName">root</value>
      </value>
      <value type="string" key="name">Default</value>
      <link type="object" struct-name="GrtObject" key="owner">{9C16B5A5-1306-451C-863C-628979CCCC39}</link>
    </value>
  </value>
</data>
