<?xml version="1.0"?>
<data grt_format="2.0">
  <value _ptr_="000000001D76B3D0" type="list" content-type="object" content-struct-name="db.mgmt.ServerInstance">
    <value type="object" struct-name="db.mgmt.ServerInstance" id="{AAFFF8AB-1FFE-43E6-B1A7-99A42B9DE96B}" struct-checksum="0x367436e2">
      <link type="object" struct-name="db.mgmt.Connection" key="connection">{E1874CD8-6A48-424C-88F4-976C0E19C5D9}</link>
      <value _ptr_="0000000023C6AB30" type="dict" key="loginInfo">
        <value type="string" key="ssh.hostName"></value>
        <value type="string" key="ssh.key">C:\Users\Lucas\AppData\Roaming/.ssh/ssh_private_key</value>
        <value type="string" key="ssh.localPort">3306</value>
        <value type="int" key="ssh.useKey">0</value>
        <value type="string" key="ssh.userName">mysql</value>
      </value>
      <value _ptr_="0000000023C6D610" type="dict" key="serverInfo">
        <value type="string" key="serverVersion">5.0</value>
        <value type="int" key="setupPending">0</value>
        <value type="string" key="sys.config.path">%ProgramFiles%\MySQL\MySQL Server 5.0\my.ini</value>
        <value type="string" key="sys.config.section">mysqld</value>
        <value type="string" key="sys.mysqld.service_name">MySQL</value>
        <value type="string" key="sys.mysqld.start">sc start mysql</value>
        <value type="string" key="sys.mysqld.stop">sc stop mysql</value>
        <value type="string" key="sys.sudo"></value>
        <value type="string" key="sys.system">Windows</value>
        <value type="int" key="sys.usesudo">1</value>
        <value type="int" key="windowsAdmin">1</value>
      </value>
      <value type="string" key="name">Default</value>
    </value>
    <value type="object" struct-name="db.mgmt.ServerInstance" id="{D043928E-F25B-44FC-928D-C85A8935B5EB}" struct-checksum="0x367436e2">
      <value _ptr_="00000000430272A0" type="dict" key="loginInfo">
        <value type="string" key="ssh.hostName"></value>
        <value type="string" key="ssh.key">C:\Users\Lucas\AppData\Roaming/.ssh/ssh_private_key</value>
        <value type="string" key="ssh.localPort">3306</value>
        <value type="int" key="ssh.useKey">0</value>
        <value type="string" key="ssh.userName">mysql</value>
      </value>
      <value _ptr_="0000000043027700" type="dict" key="serverInfo">
        <value type="string" key="serverVersion">5.0</value>
        <value type="int" key="setupPending">0</value>
        <value type="string" key="sys.config.path">%ProgramFiles%\MySQL\MySQL Server 5.0\my.ini</value>
        <value type="string" key="sys.config.section">mysqld</value>
        <value type="string" key="sys.mysqld.service_name">MySQL</value>
        <value type="string" key="sys.mysqld.start">sc start mysql</value>
        <value type="string" key="sys.mysqld.stop">sc stop mysql</value>
        <value type="string" key="sys.sudo"></value>
        <value type="string" key="sys.system">Windows</value>
        <value type="int" key="sys.usesudo">1</value>
        <value type="int" key="windowsAdmin">1</value>
      </value>
      <value type="string" key="name">Default (1)</value>
    </value>
  </value>
</data>
